1000155468,155468,2006-04-03,0000-00-00,Lockart Chiropractic Services Pty Ltd,,11 111 111 111,Paul,Lockart,0000-00-00,55 Jubilee Ave,,CARLTON,2218,NSW,295876988,,,,,,paul7loc1902,difBusY,,t3cc,t3cc,t3cc,blue15ctm,Y,
1000155469,155469,2006-04-03,0000-00-00,Damien Atkinson,,73 029 437 351,Damien,Atkinson,0000-00-00,Level 18 MLC Centre 239 George Street,,BRISBANE,4000,QLD,732100551,,,,,,dami8atki9895,dVZA5Rc,,t3cc,t3cc,t3cc,blue15ctm,Y,
1000155467,155467,2006-04-03,0000-00-00,Beach Pig Pty Ltd,,102 292 044,Greg,Dyer,0000-00-00,1066 Pittwater Rd,,COLLAROY,2562,NSW,299723000,,299723001,,,,greg4dy9763,p3bIBAK,,,,,,N,
1000155466,155466,2006-04-03,0000-00-00,Coastal Curves Surf,,15 907 819 564,Jenny,Ellis,0000-00-00,42 Bowra Street,,NAMBUCCA HEADS,2448,NSW,265686902,,265686902,,,,jenn5el6439,b7TYwR5,,t3cc,t3cc,t3cc,blue15ctm,Y,
1000155465,155465,2006-04-03,0000-00-00,Coastal Curves Surf,,15 907 819 564,Jenny,Ellis,0000-00-00,2 Short Street,,SCOTTS HEAD,2447,NSW,265686902,,265686902,,,,jenn5el1671,Sz9dCk1,,,,,,N,
1000155464,155464,2006-04-03,0000-00-00,D & H Design & Consulting Services,,003 160 361,Denis,Lowe,0000-00-00,5 Chisholm Court,,TERRANORA,2486,NSW,755904501,,755904501,,,,deni4lo9289,J76Wfpd,,,,,,N,
1000155463,155463,2006-04-03,0000-00-00,Novix Systems Pty Ltd,,075 695 073,,,0000-00-00,PO Box 8361,,GCMC,9726,QLD,755320092,,755320361,ron@novix.com.au,,,04134,vMAzXWp,,t3cc,t3cc,t3cc,blue15ctm,Y,
1000155462,155462,2006-04-03,0000-00-00,Rio Vista Pty Ltd,,009 109 451,Ian,Mason,0000-00-00,1763 Albany Hwy,,KENWICK,6107,WA,894595655,,894590322,ian.mason@freedompools.com,ian.mason@freedompools.com,,ian5ma3602,RtMSZwf,,t3cc,t3cc,t3cc,blue15ctm,Y,
1000155461,155461,2006-04-03,0000-00-00,Institute of Automotive Mechanical Engineers,,000 033 992,Frank,Burgess,0000-00-00,227 Great North Road,,FVE DOCK,2046,NSW,297134711,,297132671,inbox@iame.com.aiu,inbox@iame.com.aiu,,fran7bur7383,EqWLz28,,,,,,N,
1000155460,155460,2006-04-03,0000-00-00,Graeme Morris Motorcylces,,14 680 536 508,Wendy,Morris,0000-00-00,4 Cameron Street,,BROADMEADOW,2292,NSW,249570674,,249570673,,,,wend6mor1750,GSScCxB,,t3cc,t3cc,t3cc,blue15ctm,Y,
1000155459,155459,2006-04-03,0000-00-00,Munro Accountants Pty Ltd,,063 710 958,Jenny,Fawkner,0000-00-00,PO Box 1110,,BROADBEACH,4218,QLD,755399777,,755383479,racquelf@munro.com.au,,,jenn7faw9235,DjBKMaM,,t3cc,t3cc,t3cc,t3cc,Y,
1000155458,155458,2006-04-03,0000-00-00,Happy Cabby Charter,,978 199 13,Graeme,Paff,0000-00-00,3A Cams Wharf Road,,CAMS WHARF,2281,NSW,249763991,,249763992,,,,grae4pa2016,jbRJLkc,,,,,,N,
1000155457,155457,2006-04-03,0000-00-00,Hawa Dane Pty Ltd  (Townsville),,077 212 858,Josephine,Neale,0000-00-00,506 The Esplanade,,PALM BEACH,4221,QLD,747216666,,747216444,townsville@ebf.com.au,townsville@ebf.com.au,,jose5ne4252,C7v9mAQ,,,,,,N,
1000155456,155456,2006-04-03,0000-00-00,( HO ),,077 212 858,Josephine,Neale,0000-00-00,506 The Esplanade,,PALM BEACH,4221,QLD,755277111,,755277744,miami@ebf.com.au,miami@ebf.com.au,,jose5ne2721,vGLSu2H,,,,,,N,
1000155454,155454,2006-04-03,0000-00-00,Hawa Dane Pty Ltd (Windsor),,077 212 858,Josephine,Neale,0000-00-00,506 The Esplanade,,PALM BEACH,4221,QLD,738611411,,738611137,windsor@ebf.com.au,windsor@ebf.com.au,,jose5ne6786,6yv6Cej,,,,,,N,
1000155455,155455,2006-04-03,0000-00-00,Hawa Dane Pty Ltd (Underwood / Shape ),,077 212 858,Josephine,Neale,0000-00-00,506 The Esplanade,,PALM BEACH,4221,QLD,732902150,,732902045,underwood@elof.com.au,underwood@elof.com.au,,jose5ne7952,qSXphcr,,,,,,N,
1000155453,155453,2006-04-03,0000-00-00,Hawadane Pty Ltd (Coopers & Rocky),,077 212 858,Josephine,Neale,0000-00-00,506 The Esplanade,,PALM BEACH,4221,QLD,732727929,,732727939,,,,jose5ne8450,7uFdQGg,,,,,,N,
1000155452,155452,2006-04-03,0000-00-00,Hawa Dane Pty Ltd (Sunshine Coast),,077 212 858,Josephine,Neale,0000-00-00,506 The Esplanade,,PALM BEACH,4221,QLD,754749199,,754749811,,,,jose5ne8629,d17z3Bk,,,,,,N,
1000155451,155451,2006-04-03,0000-00-00,Hawa Dane Pty Ltd (JN Home Fax),,077 212 858,Josephine,Neale,0000-00-00,506 The Esplanade,,PALM BEACH,4221,QLD,755353381,,755353381,,,,jose5ne2465,7uxejw5,,,,,,N,
1000155449,155449,2006-04-03,0000-00-00,Hawa Dane Pty Ltd (HW Home fax),,077 212 858,Josehine,Neal,0000-00-00,506 The Esplanade,,PALM BEACH,4221,QLD,733248132,,733248132,,,,jose4ne3432,HJHIKvz,,,,,,N,
1000155450,155450,2006-04-03,0000-00-00,Hawa Dane Pty Ltd (Advertising Fax),,077 212 858,Josephine,Neale,0000-00-00,506 The Esplanade,,PALM BEACH,4221,QLD,738611139,,738611139,,,,jose5ne5832,pbDw9BF,,,,,,N,
1000155448,155448,2006-04-03,0000-00-00,Air & Allied Sales (Pacific) Pty Ltd,,27 146 599 303,,,0000-00-00,PO Box 883,,ARCHERFIELD,4108,QLD,732727361,,732727442,,,,08277,sttLYCY,,t3cc,t3cc,t3cc,blue15ctm,Y,
1000155447,155447,2006-04-03,0000-00-00,Litvin Pty Ltd,,011 048 070,Business,Machines,0000-00-00,611 Wynnum Road,,MORNINGSIDE,4170,QLD,733994155,,732179664,prbm@bigpond.net.au,prbm@bigpond.net.au,,busi8mach4078,xZ1DFBu,,,,,,N,
1000155446,155446,2006-04-03,0000-00-00,BORDER ID SECURITY PTY LTD,,096 573 938,Steve,Ganter,0000-00-00,PO Box 2233 Nerang Mail Centre,,NERANG,4211,QLD,755232427,,755232428,borderss@hotkey.net.au,borderss@hotkey.net.au,,stev6gan3216,3E25tIb,,LC11,t3cs,t3cs,blue15ctm,N,
1000155445,155445,2006-04-03,0000-00-00,Nightshift Computers,,103 254 968,Rowan,Pettett,0000-00-00,42 Coronet Crescent,,BURLEIGH WATERS,4220,QLD,755762696,,755762529,rowan@24hourpc.net,rowan@24hourpc.net,,rowa7pet9001,Tcd6hHN,,,,,,N,
1000155675,155675,2006-04-03,0000-00-00,MSK Solutions Pty Ltd,,102 516 003,Sharon,Kelliher,0000-00-00,PO Box 2183,,WELLINGTON POINT,4160,QLD,738228653,409635085,738228653,michael.kelliher@msksolutions.com.au,michael.kelliher@msksolutions.com.au,,shar8kell8307,6WmyLWG,,t3cc,t3cc,t3cc,blue15ctm,Y,
1000155676,155676,2006-04-03,0000-00-00,Accommodation Down Under,,058 830 050,Keat Seng,Tan,0000-00-00,PO Box 995 Mail Cente,,SURFERS PARADISE,4217,QLD,755702800,,755269300,kitson@gotalk.net.au,kitson@gotalk.net.au,,kits3t3145,7w2LAKR,,virtualvoip,virtualvoip,virtualvoip,vvp,Y,
1000155674,155674,2006-04-03,0000-00-00,Lets Talk Tyres,,56 908 213 257,Timothy,Hickey,0000-00-00,24 Wattem Place,,DUNCRAIG,6023,WA,892444480,,892448077,,,,timo6hic6217,bWPA9fR,,,,,,N,
1000155673,155673,2006-04-03,0000-00-00,Day Pets Pty ltd,,098 652 656,,Julie,0000-00-00,Penrith Plaza Shop 85 Level 1,Henry Street,PENRITH,2750,NSW,247312788,,,juliechrisday@bigpond.con.au,juliechrisday@bigpond.con.au,,5ju2304,LgdYve4,,t3cc,t3cc,t3cc,blue15ctm,N,
1000155672,155672,2006-04-03,0000-00-00,H D & N H Lake Pty Ltd,,009 961 835,Rod,Lake,0000-00-00,50 Carbine Road,,UPPER BROOKFIELD,4069,QLD,733740972,,733741664,admin@petchalet.com.au,admin@petchalet.com.au,,rod4la5010,6Hub2ci,,t3cc,t3cc,t3cc,blue15ctm,Y,
1000155671,155671,2006-04-03,0000-00-00,Mr Patrick O''Farrell,,16 079 842 137,Patrick,O''Farrell,0000-00-00,19/275-277 Melton Rd,,NORTHGATE,4013,QLD,738619378,,732567839,,,,patr10o'fa5365,KJRuc3s,,t3cc,t3cc,t3cc,blue15ctm,Y,
1000155670,155670,2006-04-03,0000-00-00,Pets Paradise Geraldton,,26 493 365 326,Gary,Williams,0000-00-00,PO Box 2136,,GERALDTON,6531,WA,899645998,,899645998,,,,gary8will3191,Kjgzbhh,,t3cc,t3cc,t3cc,blue15ctm,N,
1000155669,155669,2006-04-03,0000-00-00,Sunstream Pty Ltd,,105 790 216,Jennifer,Hughes,0000-00-00,PO Box 2021,,CHURCHLANDS,6018,WA,899652951,,,jennifer@imagineonline.com.au,jennifer@imagineonline.com.au,,jenn6hug3502,6Ku3cHH,,LC11,t3cs,t3cs,blue15ctm,Y,
1000155668,155668,2006-04-03,0000-00-00,Day Pets Pty Ltd,,098 652 656,J,Julie,0000-00-00,Shop 28 The Hills Centre,Corner Federal And Seven Hills Road,SEVEN HILLS,2147,NSW,296224377,247312788,,,,,j5ju2543,Wh3Zalf,,t3cc,t3cc,t3cc,blue15ctm,Y,
1000155666,155666,2006-04-03,0000-00-00,Ray White Caboolture (Property Management),,104 993 151,Cindy,Borrissow,0000-00-00,PO Box 1000,,CABOOLTURE,4510,QLD,754958899,,754958099,cabboolture.qld@raywhite.com,cabboolture.qld@raywhite.com,,cind9borr5613,Wl5XTWX,,blue39cap,blue39cap,blue39cap,39capintl,Y,
1000155667,155667,2006-04-03,0000-00-00,Broome Panel and Paint,,44 019 462 675,Roberta,Linton,0000-00-00,PO Box 1314,,BROOME,6725,WA,891935828,,891935828,,,,robe6lin6782,L8pLNyW,,,,,,N,
1000155665,155665,2006-04-03,0000-00-00,Charanne Pty Ltd,,65 054 815 150,Guy,Pollitt,0000-00-00,PO Box 277,,BULLCREEK,6149,WA,893327288,,893327299,Itacons@iinet.net.au,Itacons@iinet.net.au,,guy7pol9818,XwcggJ1,,t3cc,t3cc,t3cc,blue15ctm,Y,
1000155664,155664,2006-04-03,0000-00-00,Darling Downs Pamphlet Distributors,,11 111 111 111,David,McHarry,0000-00-00,2/103 North Street,,TOWOOMBA,4350,QLD,746391986,,746387551,,,,davi7mch9384,dsbNfKl,,,,,,N,
1000155663,155663,2006-04-03,0000-00-00,Jeffrey Hills & Associates,,095 290 449,Tony,Martin,0000-00-00,12 Leda Dr,,BURLEIGH HEADS,4220,QLD,755210478,,755210493,info@jha.com.au,info@jha.com.au,,tony6mar3265,nDdi2Bt,,,,,,N,
1000155662,155662,2006-04-03,0000-00-00,Ivory''s Special Coatings Pty Ltd,,90 103 018 793,Tristan,Rimmer,0000-00-00,94 Long Street,,SMITHFIELD,2164,NSW,297294155,,,,,,tris6rim3800,ixiEfPH,,,,,,N,
1000155659,155659,2006-04-03,0000-00-00,Kimberley Area Consultative Committee,,96 544 957 591,Alison,Jose,0000-00-00,PO Box 653,,BROOME,6725,WA,891922450,,891922451,,,,alis4jo8896,iu4vm5t,,,,,,N,
1000155660,155660,2006-04-03,0000-00-00,Rayka Pty Ltd,,082 094 871,Katrina,Wright,0000-00-00,PO Box 227,,COOKTOWN,4871,QLD,740695233,,740695274,rayka1@bigpond.net.au,rayka1@bigpond.net.au,,katr6wri1741,UU8FFIq,,,,,,N,
1000155658,155658,2006-04-03,0000-00-00,Hillston Tyre Service Pty Ltd,,089 055 836,Graeme,May,0000-00-00,PO Box 174,,HILLSTON,2675,NSW,269672888,,269672688,,,,grae3m4122,ezhJDQ1,,,,,,N,
1000155657,155657,2006-04-03,0000-00-00,Davelaw Pty Ltd,,102 788 054,David,Evans,0000-00-00,PO Box 6492,,GOLD COAST MAIL CNTR,4217,QLD,755740580,,755743609,dave@davelaw.com.au,dave@davelaw.com.au,,davi5ev6758,PdiPnFm,,,,,,N,
1000155656,155656,2006-04-03,0000-00-00,Barbeques Galore Forster,,45 497 446 035,Bryden,Grimshaw,0000-00-00,27 Breese Pde,,FORSTER,2428,QLD,265546324,,265546732,,,,bryd8grim4873,jQyErbA,,,,,,N,
1000155655,155655,2006-04-03,0000-00-00,Corpex Pty Ltd,,70 071 692 807,Neil,Lethlean,0000-00-00,PO Box 182,,MERMAID BEACH,4218,QLD,755545422,,755545433,lethlean@bigpond.com,lethlean@bigpond.com,,neil8leth6816,ruBqH5V,,,,,,N,
1000155654,155654,2006-04-03,0000-00-00,Integrated Finance Solutions Pty Ltd,,86 105 870 451,Troy,Jones,0000-00-00,PO Box 1173,,SURFERS PARADISE,4217,QLD,755380538,,755545767,troy@evolvee.com,troy@evolvee.com,,troy5jo1677,dC5JAUj,,,,,,N,
1000155653,155653,2006-04-03,0000-00-00,Vannick Pty Ltd,,086 829 183,Julie,Miller,0000-00-00,50 Ainsley Avenue,,ASHMORE,4214,QLD,755345077,,755345077,Sansimeon@ion.com.au,Sansimeon@ion.com.au,,juli6mil8360,uhySsM4,,t3cc,t3cc,t3cc,blue15ctm,N,
1000155652,155652,2006-04-03,0000-00-00,Ascent Business Directions WA P/L,,083 014 742,Nigel,Parker,0000-00-00,P O Box 356,,CANNINGTON,6076,WA,893568033,,893568044,nparker@iinet..net.au,nparker@iinet..net.au,,nige6par3851,zprL53J,,t3cc,t3cc,t3cc,blue15ctm,Y,
1000155650,155650,2006-04-03,0000-00-00,Lifestyle Portraits Pty Ltd,,007 413 078,Darren,Tilnak,0000-00-00,Studio 3 663 Victoria Street,,ABBOTSFORD,3067,VIC,394285877,,394285177,,,,darr6til4852,lFzw2ry,,bsc,bsc,bsc,blue15ctm,Y,
1000155651,155651,2006-04-03,0000-00-00,Ms Yvonne Hortin,,,Yvonne,Hortin,0000-00-00,3a Dandenong Street,,ATTADALE,6156,WA,893303917,,893305276,,,,yvon6hor2464,alDu5as,,,,,,N,
1000155649,155649,2006-04-03,0000-00-00,Kazrell Pty Ltd,,09 942 266 111,Karen,Hain,0000-00-00,Cnr Back&burrow Streets,,BIGGERA WATERS,4216,QLD,755377001,,755377438,pelican@onthenet.com.au,pelican@onthenet.com.au,,kare4ha6107,NZyWqd1,,,,,,N,
1000155648,155648,2006-04-03,0000-00-00,Pandas Trading Pty Ltd,,104 079 709,Natalie,Woodland,0000-00-00,PO Box 3890,,BURLEIGHTOWN,4220,QLD,755761949,,755761949,,,,nata8wood1999,T4XuYrP,,,,,,N,
1000155647,155647,2006-04-03,0000-00-00,Aussie Snack Food Pty Ltd,,064 121 115,Basil,Hourmouzis,0000-00-00,6/2 Picken Street,,SILVERWATER,2128,NSW,296483977,,296483601,,,,basi10hourm9352,nwQIKSQ,,,,,,N,
1000155646,155646,2006-04-03,0000-00-00,Specialist IT Solutions,,25 003 427 781,Freda,Davis,0000-00-00,PO Box 3231,,BANGOR,2234,NSW,295320222,,295414234,reception@specialistit.com.au,reception@specialistit.com.au,,fred5da9458,zX1xMcm,,t3cc,t3cc,t3cc,blue15ctm,Y,
1000155645,155645,2006-04-03,0000-00-00,Starman Enterprises Pty Ltd,,101 462 328,Leeanne,Rogerson,0000-00-00,6 Beardsley Street,,PORT KENNEDY,6172,WA,895245933,,895245966,rogerson@accessin.com.au,rogerson@accessin.com.au,,leea8roge8489,DEyTPeP,,,,,,N,
1000155644,155644,2006-04-03,0000-00-00,Civic Video Kalgoorlie,,11 111 111 111,Jonas,Mclellan,0000-00-00,32 Boulder Rd,,KALGOORLIE,6430,WA,890216369,0418959081 jodie,,,,,jona8mcle3320,ZSACbln,,,,,,N,
1000155643,155643,2006-04-03,0000-00-00,Asport Pty Ltd,,094 048 647,Steve,Aspinall,0000-00-00,784 Nicklin Way,,CURRIMUNDI,4551,QLD,754916077,,754916688,,,,stev8aspi7537,ZqcwkgQ,,,,,,N,
1000155642,155642,2006-04-03,0000-00-00,Betezy,,87 070 074 282,Gail,Kay,0000-00-00,21 Alfred Rd,,GLEBE,2037,NSW,295719690,0402333977,295526424,gail@betezy.com.au,gail@betezy.com.au,,alex3k8193,H6Igxhd,,t3cc,t3cc,t3cc,blue15ctm,Y,
1000155641,155641,2006-04-03,0000-00-00,Spectrum Home Loans Pty Ltd,,103 234 037,Mark,Coskun,0000-00-00,PO Box 212,,TOONGABBIE,2146,NSW,296331833,,296332833,mark@spectrumhomeloans.com.au,mark@spectrumhomeloans.com.au,,mark6cos4932,j71gJ7Z,,,,,,N,
1000155640,155640,2006-04-03,0000-00-00,BROMAIN PARTNERS PTY LTD,,096 579 743,John,Mainwaring,0000-00-00,PO Box 301,,NARELLAN,2567,NSW,246261111,,246275933,,,,john10mainw6084,YhbSasE,,t3cc,t3cc,t3cc,blue15ctm,Y,
1000155639,155639,2006-04-03,0000-00-00,Noycam Pty Ltd,,082 037 465,Glen,Noy,0000-00-00,Cnr Victoria and Nelson Streets,,MACKAY,4740,QLD,749531033,,749572066,,,,glen3n2776,EaalIEG,,t3cc,t3cc,t3cc,blue15ctm,N,
1000155638,155638,2006-04-03,0000-00-00,Jim Bisset Auto Spares Pty Ltd,,001 325 417,Jim,Bissett,0000-00-00,120 Caldarra Avenue,,ENGADINE,2233,NSW,295205488,,295202982,,,,jim7bis1118,NRHNm9P,,t3cc,t3cc,t3cc,blue15ctm,Y,
1000155637,155637,2006-04-03,0000-00-00,Industry Training Services,,41 707 695 611,Michael,Solway,0000-00-00,PO Box 945,,OXENFORD,4210,QLD,755308700,,755308799,,,,mich6sol8587,eLE1P7I,,,,,,N,
1000155635,155635,2006-04-03,0000-00-00,Fyreguard Pty Ltd,,34 098 312 273,Malcolm,Sterling,0000-00-00,3/35 Radley Street,,VIRGINIA,4014,QLD,732602211,,732602411,,,,malc8ster8535,kvcDnwa,,,,,,N,
1000160263,160263,2006-04-03,0000-00-00,Lisa Van Wessel,,,Lisa,Van Wessel,0000-00-00,259 Moray St,,NEW FARM,4005,QLD,733583569,,,lisavw28@hotmail.com,,,lisa10van w2348,139893,,,,,,Y,
1000160261,160261,2006-04-03,0000-00-00,The Blind Factory (Australia) Pty Ltd,,85 076 713 249,Andrew,McDonald-Kerr,0000-00-00,PO Box 2278,,BAYSWATER,3153,VIC,397208040,,397208544,,,,andr13mcdona3456,LEGXGrM,,blue39cap,blue39cap,blue39cap,39capintl,Y,
1000160262,160262,2006-04-03,0000-00-00,Nicki Dyson,,,Nicki,Dyson,0000-00-00,11 Balmain Street,,ROBINA,4226,QLD,414836717,,,nicki_dyson@dodo.net.au,nicki_dyson@dodo.net.au,,nick5dy8459,j9YZfNu,,,,,,Y,
1000160260,160260,2006-04-03,0000-00-00,Chinnocks Quality Meat,,69 301 132 797,Robert,Bevan,0000-00-00,93 Main Rd,,MOONAH,7009,TAS,362281520,,,,,,robe5be3308,35R7ML3,,t3cc,t3cc,t3cc,blue15ctm,Y,
1000160259,160259,2006-04-03,0000-00-00,Hastings Dry Cleaners,,39 079 095 901,Tim,Rich,0000-00-00,Cnr of Horton & Hayward St,,PORT MACQUARIE,2444,NSW,265831224,,,,,,tim4ri4249,GBj9NLt,,t3cc,t3cc,t3cc,blue15ctm,Y,
1000160255,160255,2006-04-03,0000-00-00,Super Take Away,,31683089094,Deborah,Lynch,1957-06-14,30 Derwent Park Rd,,DERWENT PARK,7009,TAS,0362727927,,,,,,debo5ly4767,y6TxrSU,,t3cc,t3cc,t3cc,blue15ctm,Y,
1000160256,160256,2006-04-03,0000-00-00,Precision Acoustics,,66 780 970 262,William,Olayos,0000-00-00,1034 Doncaster Rd,,DONCASTER EAST,3109,VIC,,,,olayos@bigpond.net.au,,,will6ola9511,whQBBBi,,t3cc,t3cc,t3cc,blue15ctm,Y,
1000160257,160257,2006-04-03,0000-00-00,Mentone Hubb Inn,,27 782 998 866,Hardev,Virk,0000-00-00,200 Nepean Hwy,,PARKDALE,3194,VIC,395844222,,,booking@mentonehub.com.au,booking@mentonehub.com.au,,hard4vi8827,bgLzI6t,,t3cc,t3cc,t3cc,blue15ctm,Y,
1000160254,160254,2006-04-03,0000-00-00,Gambino Hair,,76 003 660 400,Dominic,Gambino,0000-00-00,152 Longueville Rd,,LANE COVE,2066,NSW,294276062,,,,,,domi7gam1738,HWG7Qbl,,t3cc,t3cc,t3cc,blue15ctm,Y,
1000160251,160251,2006-04-03,0000-00-00,Steven R & Maureen K Rowsall,,93 530 605 571,Maureen,Rowsall,0000-00-00,95 Leslie St,,MANDURAH,6210,WA,895356262,,,,,,maur7row4517,2lde2jy,,t3cc,t3cc,t3cc,blue15ctm,Y,
1000160252,160252,2006-04-03,0000-00-00,Moolooaba Massage & Sports Health,,80 402 827 839,Jason,Ting,0000-00-00,24 Brisbane Rd,,MOOLOOLABA,4557,QLD,754784049,,,,,,jaso4ti9001,EWkj3Wi,,t3cc,t3cc,t3cc,blue15ctm,Y,
1000160253,160253,2006-04-03,0000-00-00,Horizon Park Horse - O- Tel,,61 572 686 990,Adam,Pye,0000-00-00,13201 Pacific Hwy,,WANG WAUK,2423,NSW,265541984,,,,,,adam3p4584,iKJS6Lq,,t3cc,t3cc,t3cc,blue15ctm,Y,
1000160248,160248,2006-04-03,0000-00-00,Pilates For Women Plus,,28 609 708 907,Richard,Barnes,0000-00-00,6 The Parade,,NORTH HAVEN,2443,NSW,265597559,,,rbarnes@telcobluenet.com,rbarnes@telcobluenet.com,,rich6bar6003,c2tFQk5,,t3cc,t3cc,t3cc,blue15ctm,Y,
1000160249,160249,2006-04-03,0000-00-00,Wallcandy,,27 101 237 709,Joy,Godley,0000-00-00,PO Box 6389,,Alaxandria,1435,NSW,299071417,,299071418,art@wallcandyartandpaint.com.au,art@wallcandyartandpaint.com.au,,joy6god4640,mCkPcqV,,blue39cap,blue39cap,blue39cap,39capintl,Y,
1000160250,160250,2006-04-03,0000-00-00,Quest Hero on Russell,,91 136 997 693,Helen,Gill,0000-00-00,140 Little Collins St,,MELBOURNE,3000,VIC,386648500,,386648599,hgill@questapartment.com.au,hgill@questapartment.com.au,,hele4gi3525,JIWGl3v,,blue15ctm,blue15ctm,blue15ctm,blue15ctm,Y,
1000160247,160247,2006-04-03,0000-00-00,La Boca Del Sur,,55 107 255 336,Charlie,Gargano,0000-00-00,237 Morey St,,SOUTH MELBOURNE,3205,VIC,396904861,,,labocads@ozemail.com.au,labocads@ozemail.com.au,,char7gar7784,TarRSp7,,t3cc,t3cc,t3cc,blue15ctm,Y,
1000160246,160246,2006-04-03,0000-00-00,LGK Services Pty Ltd,,14 103 356 190,Wael,Kaiis,0000-00-00,25 Cambria Rd,,KEYSBOROUGH,3173,VIC,397015668,,,,,,wael5ka7450,xQTB1SE,,t3cc,t3cc,t3cc,blue15ctm,Y,
1000160243,160243,2006-04-03,0000-00-00,Prospect Timber & Landscape Supplies,,43 113 746 633,Scott,Graham,0000-00-00,65 Meander Valley Hwy,,PROSPECT,7250,TAS,363401518,,,,,,scot6gra1953,rIIgn2T,,t3cc,t3cc,t3cc,blue15ctm,Y,
1000160245,160245,2006-04-03,0000-00-00,Parkdale Cakes Pty Ltd,,78 094 068 283,Kheng,Lay,0000-00-00,252 Como Pde,,MENTONE,3194,VIC,395801735,,,,,,khen3l5254,AHQZxxT,,t3cc,t3cc,t3cc,blue15ctm,Y,
1000160244,160244,2006-04-03,0000-00-00,Local talent Jewels,,28 620 818 052,Charles,Walderode,0000-00-00,PO Box 1009,,MURWILLUMBAH,2484,NSW,266779585,,,localtalentjewels@yahoo.com,localtalentjewels@yahoo.com,,char9wald3128,NZWvJDh,,t3cc,t3cc,t3cc,blue15ctm,Y,
1000160241,160241,2006-04-03,0000-00-00,J & S Hall Earth Moving,,13 895 313 528,Sandra,Hall,0000-00-00,PO Box 3250,,REDLYNCH,4870,QLD,740391275,,,,,,sand4ha5176,Npa7fk3,,t3cc,t3cc,t3cc,blue15ctm,Y,
1000160242,160242,2006-04-03,0000-00-00,Caringbah Bus Service Pty Ltd,,75 000 185 991,Pam,Wood,0000-00-00,69 Parraweena Rd,,CARINGBAH,2229,NSW,295246636,,,cbstiger@caringbahbus.com.au,cbstiger@caringbahbus.com.au,,pam4wo8473,bgTC3sb,,t3cc,t3cc,t3cc,blue15ctm,Y,
1000160240,160240,2006-04-03,0000-00-00,OSLO (Qld) Drapery Hardware,,43 088 360 445,Garry,King,0000-00-00,PO Box 221,,ARCHERFIELD,4108,QLD,732746566,,732746588,oslo@swiftdsl.com.au,oslo@swiftdsl.com.au,,garr4ki7208,zp6T1Ak,,blue39cap,blue39cap,blue39cap,39capintl,Y,
1000160235,160235,2006-04-03,0000-00-00,Healthy Life Tweed Heads,,54 713 526 913,Derek,Clegg,0000-00-00,PO Box 1126,,TWEED HEADS,2485,NSW,255364103,,,,,,dere5cl3937,iP8Eq2A,,virtualvoip,virtualvoip,virtualvoip,vvp,Y,
1000160239,160239,2006-04-03,0000-00-00,K C Trading Pty Ltd,,16 073 635 328,Kevin,Rowell,0000-00-00,17 Helsham St,,POINT VERNON,4655,QLD,741241574,,74124875,,,,kevi6row4699,qbW8gj5,,virtualvoip,virtualvoip,virtualvoip,vvp,Y,
1000160233,160233,2006-04-03,0000-00-00,Advanced Salon Supplies,,70 093 214 432,Juanita,Polevica,0000-00-00,543 Peel St,,TAMWORTH,2340,NSW,267668310,,267665909,,,,juan8pole2284,ey9wn4T,,blue39cap,blue39cap,blue39cap,39capintl,Y,
1000160234,160234,2006-04-03,0000-00-00,Minuteman Press Moorabbin,,78 087 299 572,Robert,Baltutis,0000-00-00,189 Chesterville Rd,,MOORABBIN,3189,VIC,395321180,,,minuteman@swiftdsl.com.au,minuteman@swiftdsl.com.au,,robe8balt3189,TIH8f67,,virtualvoip,virtualvoip,virtualvoip,vvp,Y,
1000160232,160232,2006-04-03,0000-00-00,All Shades Blinds,,83 541 440 167,Wendy,Melony,0000-00-00,41 Lance Cl,,ASPENDALE GARDENS,3195,VIC,395809011,,,,,,wend6mel7753,XNWH91Q,,t3cc,t3cc,t3cc,blue15ctm,Y,
1000160231,160231,2006-04-03,0000-00-00,Sign Shop Fremantle,,82 566 832 356,Wally,Daubermann,0000-00-00,2 Stockdale Rd,,O,6163,WA,893375977,,,freosign@iinet.net.au,freosign@iinet.net.au,,wall10daube8260,t5hM8bW,,t3cc,t3cc,t3cc,blue15ctm,Y,
1000160229,160229,2006-04-03,0000-00-00,Como Childcare Centre,,30 212 243 174,Katie,Pitchford,0000-00-00,47 Birdwood Ave,,COMO,6152,WA,893672185,,,,,,kati9pitc9955,5PTT4p6,,t3cc,t3cc,t3cc,blue15ctm,Y,
1000160230,160230,2006-04-03,0000-00-00,KML Sheet Metal & Airconditioning,,50 095 177 058,Kathy,Cooper,0000-00-00,PO Box 6737,,SHEPPARTON,3630,VIC,358214644,,,,,,kath6coo5180,MtNZ4uZ,,t3cc,t3cc,t3cc,blue15ctm,Y,
1000160226,160226,2006-04-03,0000-00-00,Downtown Smash Repairs,,88 058 103 432,Shane,Rickys,0000-00-00,PO Box 259,,NARROGIN,6312,WA,898812911,,,downtownsmash@westnet.com.au,downtownsmash@westnet.com.au,,shan6ric2990,DZkKcDv,,t3cc,t3cc,t3cc,blue15ctm,Y,
1000160227,160227,2006-04-03,0000-00-00,Phillip Jacobs Pharmacy,,25 060 835 743,Phillip,Jacobs,0000-00-00,123 Maybe St,,BOMBALA,2632,NSW,264583029,,,philipjacobs.pharmacy@nunet.com.au,philipjacobs.pharmacy@nunet.com.au,,phil6jac6858,Bv3QaTG,,t3cc,t3cc,t3cc,blue15ctm,Y,
1000160228,160228,2006-04-03,0000-00-00,Caltex Barrack Heights,,56 115 347 683,Michael,Rodrigues,0000-00-00,336 Shellharbour Rd,,BARRACK HEIGHTS,2528,NSW,242973895,,,justfuel@yahoo.com.au,justfuel@yahoo.com.au,,mich9rodr9793,Yp3Vclc,,t3cc,t3cc,t3cc,blue15ctm,Y,
1000160223,160223,2006-04-03,0000-00-00,Art Diverse,,53 195 231 717,Christianna,McCarthy,0000-00-00,14A Camroc Ave,,TRANMERE,5073,SA,884315514,,,bcmccarthy@westnet.com.au,bcmccarthy@westnet.com.au,,chri8mcca4239,wHa1NiH,,blue39cap,blue39cap,blue39cap,39capintl,Y,
